{
    "swagger": "2.0",
    "info": {
        "version": "4.0.7",
        "title": "Shopping Application",
        "Description": "Menporul Product ...!"
    },
    "host": "localhost:3000",
    "basePath": "",
    "tags": [{
          "name": "Shop",
          "description": "API For Shop Project"
    }],
    "schemas":[
        "http",
        "https"
    ],
    "consumes":[
        "application/json"
    ],
    "produces":[
        "application/json"
    ], 
    "paths":{
       "/register": {
           "get":{
               "tags":[
                   "Register"
               ],
               "summery": "Get all Register in system",
               "responses": {
                   "200": {
                       "description": "OK",
                       "schema": {
                           "$ref": "#/definitions/register"
                       }
                   }
               }
           },
           "post":{
            "tags":[
                "Register"
            ],
            "summery": "Create a new Register in system",
            "parameters": [
                {
                "200": {
                    "in": "body",
                    "name": "body",
                    "description": "Register that we Want to create",
                    "schema": {
                        "$ref": "#/definitions/register"
                    }
                }
            }
           
        ],
        "produces":[
            "application/json" 
        ],
        "responses": {
            "200": {
                "description": "OK",
                "schema": {
                    "$ref": "#/definitions/id"
                }
            },
            "400": {
                "description": "Faild. Bad post data."
            }  
        }

        }
       }
    },
    "definitions": {
       "id": {
           "properties": {
            "uuid": {
                "type": "string"
            }
           }
       }
    }
}